ID,Type,Action,Subject,User Name,User Initials,Timestamp
ACT001,client,created,Acme Corporation,Carol Martinez,CM,2023-08-01T09:00:00Z
ACT002,project,updated,Website Redesign,Bob Williams,BW,2023-08-01T14:30:00Z
ACT003,task,completed,SEO keyword research,Alice Johnson,AJ,2023-08-02T11:15:00Z
ACT004,invoice,created,INV-2023-001,Carol Martinez,CM,2023-08-01T16:00:00Z
ACT005,project,created,Mobile App,David Chen,DC,2023-08-01T10:30:00Z
ACT006,task,created,Complete website wireframes,Bob Williams,BW,2023-08-01T15:45:00Z
ACT007,client,updated,TechNova Solutions,Alice Johnson,AJ,2023-08-02T08:30:00Z
ACT008,report,generated,Monthly SEO Performance,Alice Johnson,AJ,2023-08-01T15:30:00Z
ACT009,task,updated,Social media strategy,Emma Thompson,ET,2023-08-02T13:20:00Z
ACT010,invoice,updated,INV-2023-002,Carol Martinez,CM,2023-08-05T12:00:00Z
ACT011,project,completed,Brand Identity,Frank Rodriguez,FR,2023-08-20T16:45:00Z
ACT012,task,created,Database design,David Chen,DC,2023-08-01T17:30:00Z
ACT013,client,created,StartupXYZ,Carol Martinez,CM,2023-08-03T10:15:00Z
ACT014,report,scheduled,Website Project Status,Bob Williams,BW,2023-08-05T09:15:00Z
ACT015,task,blocked,Mobile app wireframes,Bob Williams,BW,2023-08-03T14:20:00Z
ACT016,invoice,paid,INV-2023-003,Carol Martinez,CM,2023-08-25T11:00:00Z
ACT017,project,updated,E-commerce Platform,David Chen,DC,2023-08-04T13:45:00Z
ACT018,task,completed,Content audit,Alice Johnson,AJ,2023-08-10T15:30:00Z
ACT019,client,updated,MegaCorp Industries,Carol Martinez,CM,2023-08-06T09:00:00Z
ACT020,report,delivered,Quarterly Business Review,Carol Martinez,CM,2023-08-01T12:30:00Z 